brand,price,product
Apple,398.0,Apple iPhone 6 32GB Grijs
Samsung,349.0,Samsung Galaxy A5 (2017) Zwart
Apple,809.0,Apple iPhone 8 64GB Space Grey
Motorola,249.0,Motorola Moto G5 Plus Grijs
Huawei,199.0,Huawei P8 Lite (2017) Zwart
Samsung,249.0,Samsung Galaxy Xcover 4
Samsung,249.0,Samsung Galaxy J5 (2017) Dual Sim Zwart
Samsung,699.0,Samsung Galaxy S8 Zwart
Apple,784.0,Apple iPhone 8 64GB Goud
Apple,809.0,Apple iPhone 8 64GB Zilver
Samsung,349.0,Samsung Galaxy A5 (2017) Goud
Motorola,249.0,Motorola Moto G5 Plus Goud
Huawei,199.0,Huawei P8 Lite (2017) Goud
Fysic,34.95,Fysic FM-7550 Senioren Telefoon
Motorola,149.0,Motorola Moto E4 Grijs
Samsung,249.0,Samsung Galaxy J5 (2017) Dual Sim Blauw
Samsung,699.0,Samsung Galaxy S8 Zilver
Samsung,699.0,Samsung Galaxy S8 Grijs
Huawei,199.0,Huawei P8 Lite (2017) Wit
Samsung,699.0,Samsung Galaxy S8 Roze
Samsung,349.0,Samsung Galaxy A5 (2017) Roze
Samsung,699.0,Samsung Galaxy S8 Blauw
Samsung,249.0,Samsung Galaxy J5 (2017) Dual Sim Goud
Motorola,149.0,Motorola Moto E4 Goud
Samsung,479.0,Samsung Galaxy S7 Zwart
Samsung,269.0,Samsung Galaxy A3 (2017) Zwart
Samsung,139.0,Samsung Galaxy J3 (2016) Zwart
Apple,599.0,Apple iPhone 7 32GB Zwart
Apple,349.0,Apple iPhone SE 32GB Zilver
Motorola,179.0,Motorola Moto G5 Grijs
Apple,349.0,Apple iPhone SE 32GB Space Gray
Fysic,37.95,Fysic FM-7500 senioren telefoon
Samsung,249.0,Samsung Galaxy J5 (2017) Zwart
Apple,529.0,Apple iPhone 6s 32GB Space Gray
Huawei,299.0,Huawei P10 Lite Zwart
Huawei,137.0,Huawei Y6 (2017) Grijs
Motorola,299.0,Motorola Moto G5S Plus Grijs
Motorola,149.0,Motorola Moto G4 Zwart
Huawei,349.0,Huawei Mate 10 Lite Zwart
Apple,899.0,Apple iPhone 8 Plus 64GB Space Grey
Nokia,59.99,Nokia 3310 3G Grijs
Wileyfox,198.0,Wileyfox Swift 2 X Blauw
Apple,949.0,Apple iPhone 8 256GB Space Grey
Samsung,479.0,Samsung Galaxy S7 Zilver
Apple,599.0,Apple iPhone 7 32GB Zilver
Samsung,199.0,Samsung Galaxy J3 (2017) Zwart
Motorola,229.0,Motorola Moto G5S Grijs
Apple,349.0,Apple iPhone SE 32GB Rose Gold
Huawei,299.0,Huawei P10 Lite Blauw
CAT,164.49,CAT S30
CAT,449.0,CAT S41
Apple,349.0,Apple iPhone SE 32GB Goud
Motorola,119.0,Motorola Moto C Plus Zwart
Samsung,139.0,Samsung Galaxy J3 (2016) Goud
Samsung,139.0,Samsung Galaxy J3 (2016) Wit
Samsung,299.0,Samsung Galaxy J7 (2017) Dual Sim Zwart
Apple,899.0,Apple iPhone 8 Plus 64GB Goud
Apple,599.0,Apple iPhone 7 32GB Rose Gold
Samsung,269.0,Samsung Galaxy A3 (2017) Goud
Samsung,479.0,Samsung Galaxy S7 Wit
Apple,639.0,Apple iPhone 6s 128GB Space Gray
Apple,529.0,Apple iPhone 6s 32GB Zilver
Apple,1089.0,Apple iPhone 8 Plus 256GB Space Grey
Samsung,299.0,Samsung Galaxy J7 (2017) Dual Sim Goud
Wileyfox,149.0,Wileyfox Swift 2 Blauw
Samsung,249.0,Samsung Galaxy J5 (2017) Goud
Nokia,199.0,Nokia 5 Zwart
Samsung,949.0,Samsung Galaxy Note 8 Zwart
Samsung,479.0,Samsung Galaxy S7 Roze
Sony,599.0,Sony Xperia XZ1 Compact Zwart
Motorola,379.99,Motorola Moto X4 Zwart
Motorola,179.0,Motorola Moto G5 Goud
Motorola,179.0,Motorola Moto G5 Goud
Samsung,479.0,Samsung Galaxy S7 Goud
Samsung,799.0,Samsung Galaxy S8 Plus Zwart
Apple,529.0,Apple iPhone 6s 32GB Rose Gold
Apple,899.0,Apple iPhone 8 Plus 64GB Zilver
Motorola,179.0,Motorola Moto E4 Plus Grijs
Apple,599.0,Apple iPhone 7 32GB Goud
Apple,449.0,Apple iPhone SE 128GB Goud
Emporia,57.99,Emporia Pure senioren telefoon
Wileyfox,196.0,Wileyfox Swift 2 X Goud
Samsung,199.0,Samsung Galaxy J3 (2017) Goud
Huawei,299.0,Huawei P10 Lite Goud
Huawei,549.0,Huawei P10 Zwart
Nokia,149.0,Nokia 3 Zwart
Doro,189.0,Doro 8031 Zwart
Nokia,59.99,Nokia 3310 3G Blauw
Apple,749.0,Apple iPhone 7 128GB Rood
Emporia,57.0,Emporia Flip Basic senioren telefoon zwart
Samsung,269.0,Samsung Galaxy A3 (2017) Roze
Nokia,49.95,Nokia 216 Zwart
Sony,379.0,Sony Xperia XA1 Ultra Zwart
Apple,779.0,Apple iPhone 7 Plus 32 GB Zwart
Huawei,279.0,Huawei Nova Grijs
Huawei,137.0,Huawei Y6 (2017) Goud
Doro,239.0,Doro 8040 Zwart
Emporia,49.0,Emporia Flip Basic Goud
Cat,69.0,Cat B25
CAT,89.99,CAT B30
Apple,1089.0,Apple iPhone 8 Plus 256GB Zilver
Apple,779.0,Apple iPhone 7 Plus 32 GB Zilver
Sony,199.0,Sony Xperia L1 Zwart
Samsung,599.0,Samsung Galaxy S7 Edge Zwart
Wileyfox,149.0,Wileyfox Swift 2 Goud
Apple,599.0,Apple iPhone 7 32 GB Jet Black
Nokia,59.99,Nokia 3310 3G Geel
Honor,429.0,Honor 9 Zwart
Huawei,137.0,Huawei Y6 (2017) Wit
Huawei,299.0,Huawei P10 Lite Wit
Sony,279.0,Sony Xperia XA1 Zwart
Nokia,599.99,Nokia 8 Blauw
Motorola,379.99,Motorola Moto X4 Zilver
Wileyfox,129.0,Wileyfox Spark X Zwart
Samsung,799.0,Samsung Galaxy S8 Plus Zilver
Motorola,449.99,Motorola Moto Z2 Play Grijs
Apple,529.0,Apple iPhone 6s 32GB Goud
Wileyfox,179.0,Wileyfox Swift 2+ Blauw
Samsung,199.0,Samsung Galaxy J3 (2017) Dual Sim Zwart
Nokia,59.99,Nokia 3310 3G Rood
Motorola,449.99,Motorola Moto Z2 Play Grijs
Apple,529.0,Apple iPhone 6s 32GB Goud
General,199.0,General Mobile GM6 Zwart
Samsung,199.0,Samsung Galaxy J3 (2017) Dual Sim Zwart
Nokia,59.99,Nokia 3310 3G Rood
Emporia,59.0,Emporia Flip Basic senioren telefoon rood
Sony,349.0,Sony Xperia XA1 Plus Zwart
Wileyfox,178.0,Wileyfox Swift 2+ Goud
Samsung,949.0,Samsung Galaxy Note 8 Goud
Apple,979.0,Apple iPhone 8 256GB Goud
Apple,883.24,Apple iPhone 7 Plus 128 GB Zwart
Fysic,49.99,Fysic FM-7800
LG,479.0,LG G6 Grijs
Samsung,799.0,Samsung Galaxy S8 Plus Blauw
Doro,147.99,Doro Secure 580 senioren telefoon wit
LG,299.0,LG Q6 Zwart
Apple,949.0,Apple iPhone 8 256GB Zilver
Motorola,299.0,Motorola Moto G5S Plus Goud
Nokia,199.0,Nokia 5 Zilver
Nokia,199.0,Nokia 5 Blauw
Nokia,599.0,Nokia 8 Grijs
Huawei,549.0,Huawei P10 Blauw
LG,479.0,LG G6 Zwart
HTC,249.0,HTC U Play Zwart
Apple,639.0,Apple iPhone 6s 128GB Goud
Motorola,179.0,Motorola Moto E4 Plus Goud
Huawei,137.0,Huawei Y6 (2017) Blauw
Asus,249.0,Asus Zenfone 4 Max 5.5 inch Zwart
Apple,639.0,Apple iPhone 6s Plus 32GB Space Gray
Doro,189.0,Doro 8031 Goud
Sony,199.0,Sony Xperia L1 Wit
Apple,469.0,Apple iPhone SE 128GB Rose Gold
Profoon,39.99,Profoon OUTDOOR
HTC,699.0,HTC U11 Zilver
HTC,699.0,HTC U11 Zwart
Samsung,799.0,Samsung Galaxy S8 Plus Grijs
Honor,429.0,Honor 9 Zilver
Huawei,179.0,Huawei Y6 Pro (2017) Goud
Huawei,699.0,Huawei P10 Plus Zwart
Doro,78.99,Doro 6030 Zwart
Apple,639.0,Apple iPhone 6s 128GB Rose Gold
Apple,749.0,Apple iPhone 6s Plus 128GB Space Gray
Sony,599.0,Sony Xperia XZ1 Compact Zilver
Sony,599.0,Sony Xperia XZ1 Compact Blauw
Asus,199.0,Asus Zenfone 4 Max 5.2 inch Zwart
Fysic,89.99,Fysic FM-9710 Rood
Fysic,79.99,Fysic FM-7950 GPS
Apple,889.0,Apple iPhone 7 Plus 128GB Rood
Doro,85.0,Doro Primo 413 Zwart
Doro,85.0,Doro Primo 413 Rood
Asus,199.0,Asus Zenfone 3 Max 5.2 inch Grijs
Nokia,149.0,Nokia 3 Blauw
Nokia,149.0,Nokia 3 Koper
Nokia,199.0,Nokia 5 Koper
Apple,639.0,Apple iPhone 6s Plus 32GB Goud
Apple,749.0,Apple iPhone 6s Plus 128GB Goud
Apple,749.0,Apple iPhone 6s Plus 128GB Zilver
Apple,749.0,Apple iPhone 6s Plus 128GB Rose Gold
Asus,469.0,Asus Zenfone Zoom S
Honor,549.0,Honor 8 Pro Zwart
Honor,549.0,Honor 8 Pro Blauw
Honor,549.0,Honor 8 Pro Goud
Emporia,69.99,Emporia Classic senioren telefoon
Motorola,449.99,Motorola Moto Z2 Play Goud
Apple,399.0,Apple iPhone 6s 16GB Goud (1 jaar garantie)
Doro,189.0,Doro 8031 Wit
Huawei,249.0,Huawei P9 Lite Wit
Alcatel,44.99,Alcatel OT-2045 Zwart
Samsung,599.0,Samsung Galaxy S7 Edge Zilver
Samsung,599.0,Samsung Galaxy S7 Edge Goud
CrossCall,249.0,CrossCall Trekker M1 Zwart
Huawei,629.0,Huawei Mate 9 Zilver
Sony,549.0,Sony Xperia XZ Zwart
HTC,399.0,HTC U Ultra Blauw
Apple,989.0,Apple iPhone 7 Plus 256 GB Jet Black
Apple,949.0,Apple iPhone 7 Plus 256 GB Rose Gold
Apple,969.0,Apple iPhone 7 Plus 256 GB Zilver
Apple,949.0,Apple iPhone 7 Plus 256 GB Goud
Apple,779.0,Apple iPhone 7 Plus 32 GB Rose Gold
CrossCall,99.0,CrossCall Spider X4 Zwart
Huawei,699.0,Huawei P10 Plus Zilver
Apple,949.0,Apple iPhone 7 Plus 256GB Rood
Energizer,59.99,Energizer Energy 100
Getnord,399.0,Getnord Onyx
Huawei,699.0,Huawei P10 Plus Goud
Getnord,99.0,Getnord Walrus
Huawei,549.0,Huawei P10 Zilver
Sony,649.0,Sony Xperia XZs Blauw
Sony,738.0,Sony Xperia XZ Premium Zwart
Sony,699.0,Sony Xperia XZ Premium Zilver
Refurbished,499.0,Refurbished Apple iPhone 6s 16GB Goud (2 jaar garantie)
Refurbished,649.0,Refurbished Apple iPhone 6s Plus 64GB Goud (2 jaar garantie)
Alcatel,199.0,Alcatel A5 LED
Alcatel,149.0,Alcatel A3 Zwart
Alcatel,149.0,Alcatel A3 Wit
LG,169.99,LG K8 (2017) Grijs
Lenovo,449.0,Lenovo Phab2 Pro Grijs
Asus,249.0,Asus Zenfone 3 Max 5.5 inch Goud
Wiko,199.0,Wiko Ufeel Blauw
Ruggear,64.95,Ruggear XF
Samsung,599.0,Samsung Galaxy S7 Edge Roze
CrossCall,69.99,CrossCall Spider X1 Zwart
Lenovo,399.0,Lenovo Moto Z Play Wit
Lenovo,429.0,Lenovo Moto Z Play Zwart
CrossCall,99.0,CrossCall Shark V2 Rood
Doro,88.99,Doro Primo 413 Blauw
RugGear,119.0,RugGear RG100 Zwart
Apple,849.0,Apple iPhone 7 256GB Rose Gold
Apple,919.0,Apple iPhone 7 256GB Goud
Sony,349.0,Sony Xperia XA1 Plus Goud
Alcatel,119.0,Alcatel U5 HD Zwart
Asus,399.0,Asus Zenfone 4 Selfie PRO Zwart
Asus,399.0,Asus Zenfone 4 Selfie PRO Goud
Asus,499.0,Asus Zenfone 4 Wit
Wiko,179.99,Wiko U Pulse Zwart
Wiko,199.99,Wiko View Goud
Motorola,799.0,Motorola Moto Z2 Force Zwart
Fysic,89.99,Fysic FM-9710 Wit
Huawei,349.0,Huawei Mate 10 Lite Goud
Huawei,799.0,Huawei Mate 10 PRO Zwart
Huawei,799.0,Huawei Mate 10 PRO Bruin
Sony,379.0,Sony Xperia XA1 Ultra Goud
Apple,799.0,Apple iPhone 7 256GB Rood
Nokia,599.99,Nokia 8 Glanzend Blauw
Sony,599.0,Sony Xperia XZ1 Compact Roze
Sony,699.0,Sony Xperia XZ1 Zilver
Sony,699.0,Sony Xperia XZ1 Blauw
Sony,699.0,Sony Xperia XZ1 Roze
Asus,199.0,Asus Zenfone 4 Max 5.2 inch Goud
Wiko,399.99,Wiko Wim Zwart
Samsung,579.0,Samsung Galaxy S7 Edge Wit
Doro,79.0,Doro 6030 Wit
Huawei,549.0,Huawei P10 Groen
HTC,699.0,HTC U11 Wit
HTC,649.0,HTC U11 Blauw
Emporia,89.0,Emporia Comfort senioren telefoon
Emporia,89.0,Emporia Select Basic Seniorentelefoon
HTC,169.0,HTC Desire 650 Wit/Geel
HTC,249.0,HTC U Play Blauw
Apple,639.0,Apple iPhone 6s Plus 32GB Zilver
Apple,639.0,Apple iPhone 6s Plus 32GB Rose Gold
Sony,699.0,Sony Xperia XZ1 Zwart
Sony,349.0,Sony Xperia XA1 Plus Blauw
Apple,779.0,Apple iPhone 7 Plus 32 GB Jet Black
Emporia,89.0,Emporia Select Basic Seniorentelefoon
HTC,169.0,HTC Desire 650 Wit/Geel
HTC,249.0,HTC U Play Blauw
Apple,639.0,Apple iPhone 6s Plus 32GB Zilver
Apple,639.0,Apple iPhone 6s Plus 32GB Rose Gold
Huawei,199.0,Huawei Y7 (2017) Grijs
Huawei,199.0,Huawei Y7 (2017) Zilver
Huawei,199.0,Huawei Y7 (2017) Goud
Sony,699.0,Sony Xperia XZ1 Zwart
Sony,349.0,Sony Xperia XA1 Plus Blauw
Apple,779.0,Apple iPhone 7 Plus 32 GB Jet Black
Asus,249.0,Asus Zenfone 4 Max 5.5 inch Goud
Asus,299.0,Asus Zenfone 4 Selfie Zwart
Asus,499.0,Asus Zenfone 4 Zwart
Wiko,149.99,Wiko U Pulse Lite Zwart
Asus,198.0,Asus Zenfone 3 Max 5.2 inch Goud
HP,849.0,HP Elite x3 + Docking Station Zwart
Huawei,549.0,Huawei P10 Goud
Sony,599.0,Sony Xperia XZs Zwart
Sony,599.0,Sony Xperia XZs Zilver
Sony,379.0,Sony Xperia XA1 Ultra Wit
Sony,279.0,Sony Xperia XA1 Wit
Sony,279.0,Sony Xperia XA1 Goud
Nokia,149.0,Nokia 3 Wit
Alcatel,179.0,Alcatel Shine Lite Wit
Samsung,599.0,Samsung Galaxy S7 Edge Blauw
LG,899.0,LG V30 Blauw
Asus,499.0,Asus Zenfone 4 Groen
CAT,329.0,CAT S31
Huawei,799.0,Huawei Mate 10 PRO Blauw
LG,899.0,LG V30 Zilver
HTC,349.0,HTC U11 Life Zwart
HTC,349.0,HTC U11 Life Blauw
Huawei,349.0,Huawei Mate 10 Lite Blauw
HTC,799.0,HTC U11 Plus Dual Sim Zwart
HTC,799.0,HTC U11 Plus Dual Sim Doorzichtig Zwart
Apple,459.0,Apple iPhone SE 128GB Space Gray
Apple,1159.0,Apple iPhone X 64GB Space grey
Apple,1329.0,Apple iPhone X 256GB Space Grey
Nokia,249.0,Nokia 6 Zwart
Apple,1329.0,Apple iPhone X 256GB Zilver
Apple,1159.0,Apple iPhone X 64GB Zilver
Nokia,39.99,Nokia 150 Wit
Emporia,49.0,Emporia Euphoria senioren telefoon
Huawei,137.0,Huawei Y6 Roze (2017)
Apple,1089.0,Apple iPhone 8 Plus 256GB Goud
Nokia,249.0,Nokia 6 Zilver
Apple,859.0,Apple iPhone 7 Plus 128 GB Jet Black
Wileyfox,115.0,Wileyfox Spark+ Zwart
Apple,849.0,Apple iPhone 7 256GB Zwart
Wiko,149.99,Wiko U Pulse Lite Goud
HTC,169.0,HTC Desire 650 Zwart/Blauw
Huawei,599.0,Huawei Mate 9 Grijs
Samsung,299.0,Samsung Galaxy A5 Zwart (2016)
Samsung,259.0,Samsung Galaxy J7 (2016) Wit
Sony,151.0,Sony Xperia M4 Aqua Zwart
HTC,259.0,HTC One A9 Zilver
Sony,361.0,Sony Xperia Z3 Zwart
Apple,369.0,Apple iPhone 5C 8GB Geel
LG,359.0,LG G4 Bruin (Leather Edition)
Sony,213.0,Sony Xperia M4 Aqua Dual Sim Zwart
Samsung,739.0,Samsung Galaxy Note Edge Zwart
ZTE,196.0,ZTE Blade V6 Grijs
Motorola,98.0,Motorola Moto E 4G (2015) Zwart
Sony,150.0,Sony Xperia M4 Aqua Wit
Apple,362.0,Apple iPhone 5S 32GB Zilver
Sony,225.0,Sony Xperia C4 Zwart
LG,358.0,LG V10 Zwart
Sony,328.0,Sony Xperia Z5 Premium Grijs
Huawei,399.0,Huawei Nexus 6P 64 GB Zwart
Honor,349.0,Honor 7 Wit
Sony,314.0,Sony Xperia Z3 Plus Wit
Samsung,189.0,Samsung Galaxy S3 Neo Wit
General,199.0,General Mobile GM6 Wit
Asus,899.0,Asus Zenfone AR Zwart
CrossCall,99.99,CrossCall Shark X3 Zwart
Motorola,272.0,Motorola Moto X Force
Wiko,213.0,Wiko Fever 4G SE
Wiko,123.0,Wiko Pulp 4G Zwart Dual Sim
Wiko,99.0,Wiko Lenny 3 Dual SIM
Samsung,199.0,Samsung Galaxy J5 (2016) Wit
Wileyfox,111.0,Wileyfox Swift Zwart
Lenovo,323.0,Lenovo Moto Z Goud
Apple,339.0,Apple iPhone SE 16 GB Space Gray
LG,219.0,LG G3 16 GB Goud
HTC,449.0,HTC One M9 Grijs
Refurbished,329.0,Refurbished Apple iPhone 5S 32GB Zwart (2 jaar garantie)
Wileyfox,123.0,Wileyfox Spark X Wit
Sony,389.0,Sony Xperia X Compact Wit
Huawei,229.0,Huawei P9 Lite Goud
LG,303.0,LG Nexus 5X 32 GB Blauw
Sony,305.0,Sony Xperia X Compact Zwart
Sony,221.0,Sony Xperia M5 Wit
Sony,183.0,Sony Xperia M5 Goud
Lenovo,389.0,Lenovo Moto Z Zwart
Wiko,99.99,Wiko Jerry Zwart/Grijs
HTC,131.0,HTC Desire 626 Grijs
Motorola,127.0,Motorola Moto G 4G (Gen 3) 16 GB Zwart
Alcatel,107.0,Alcatel POP 4 Zilver met Lebara simkaart
Nokia,67.0,Nokia 230 Zwart
General,135.0,General Mobile Android One 4G Zwart
Samsung,199.0,Samsung Galaxy J5 (2016) Dual Sim Wit
Lenovo,149.0,Lenovo C2 Power Zwart
Motorola,139.0,Motorola Moto G4 Play Zwart
Forza,449.0,Forza iPhone 6 64 GB Space Gray (Refurbished)
Apple,889.0,Apple iPhone 7 Plus 128 GB Zilver
Nokia,34.99,Nokia 130 Zwart
Wiko,99.99,Wiko Lenny 3 Dual SIM Goud
Sony,279.0,Sony Xperia XA1 Roze
Nokia,39.99,Nokia 150 Zwart
Asus,249.0,Asus Zenfone 3 Max 5.5 inch Grijs
Huawei,104.99,Huawei Y3 II Dual Sim Goud
Wiko,181.0,Wiko Ufeel Prime Zwart
Wiko,149.0,Wiko Ufeel Lite Goud
Samsung,449.0,Samsung Galaxy S6 edge 32 GB Wit
Sony,325.0,Sony Xperia X Zwart
Alcatel,179.0,Alcatel Shine Lite Goud
LG,449.0,LG G5 SE Zilver
Motorola,230.0,Motorola Moto X Style Zwart
Motorola,253.0,Motorola Moto X Style Wit
BlackBerry,409.0,BlackBerry Priv Qwerty
Alcatel,119.99,Alcatel Pixi 4 Zwart
Sony,266.0,Sony Xperia Z5 Compact Wit
Huawei,119.0,Huawei Y5 II Dual Sim Zwart
Sony,422.0,Sony Xperia Z5 Zwart
Sony,295.0,Sony Xperia Z5 Wit
HTC,427.0,HTC 10 Goud
HTC,401.0,HTC 10 Grijs
HTC,455.0,HTC 10 Zilver
Emporia,84.99,Emporia Glam senioren telefoon zwart
General,169.0,General Mobile Android One GM5 Wit/Goud
BlackBerry,259.0,BlackBerry DTEK50
Sony,177.0,Sony Xperia M4 Aqua Dual Sim Wit
LG,376.0,LG G5 Zilver
Motorola,168.0,Motorola Moto G4 Plus Wit
LG,372.0,LG G5 Zwart
Apple,849.0,Apple iPhone 7 256GB Jet Black
Apple,749.0,Apple iPhone 7 128GB Jet Black
Apple,749.0,Apple iPhone 7 128GB Zilver
Motorola,219.0,Motorola Moto G4 Plus Zwart
Sony,201.0,Sony Xperia M5 Zwart
Huawei,484.0,Huawei Mate 8 Grijs
Asus,399.0,Asus Zenfone 4 Selfie PRO Rood
Wiko,199.99,Wiko Wim Lite Rood
Nokia,69.0,Nokia 3310 (2017) Geel
Nokia,69.0,Nokia 3310 (2017) Grijs
Huawei,699.0,Huawei P10 Plus Blauw
Profoon,59.99,Profoon PM-660 Rood
Wiko,179.99,Wiko U Pulse Goud
Profoon,59.99,Profoon PM-660 Zwart
Emporia,69.0,Emporia Click Plus
Alcatel,99.0,Alcatel U5 Zwart/Blauw
Apple,639.0,Apple iPhone 6s 128GB Zilver
Apple,521.0,Apple iPhone 6s 64 GB Rose Gold
Emporia,84.99,Emporia Glam senioren telefoon zwart
General,169.0,General Mobile Android One GM5 Wit/Goud
Wiko,399.99,Wiko Wim Goud
Wiko,199.99,Wiko Wim Lite Zwart
LG,299.0,LG Q6 Blauw
HP,599.0,HP Elite x3 Zwart
Nokia,69.0,Nokia 3310 (2017) Blauw
Apple,889.0,Apple iPhone 7 Plus 128 GB Rose Gold
Apple,849.0,Apple iPhone 7 256GB Zilver
Apple,749.0,Apple iPhone 7 128GB Rose Gold
Apple,749.0,Apple iPhone 7 128GB Zwart
Apple,739.0,Apple iPhone 7 128GB Goud
Huawei,245.0,Huawei P9 Lite Zwart
Acer,199.0,Acer Liquid Z6 Plus Zwart
Nokia,599.99,Nokia 8 Koper
Huawei,699.0,Huawei P10 Plus Groen
Wiko,199.99,Wiko Wim Lite Goud
Wiko,199.99,Wiko View Zwart
Alcatel,99.0,Alcatel U5 Zwart
Doro,239.0,Doro 8040 Wit
Blackberry,317.0,Blackberry DTEK60
Apple,889.0,Apple iPhone 7 Plus 128 GB Goud
Wileyfox,109.0,Wileyfox Spark+ Wit
