brand,highlight1,highlight2,highlight3,price,product,rating,reviews
Apple,iOS 10,"4,7 inch Retina HD scherm",32 GB opslagcapaciteit,398.0,Apple iPhone 6 32GB Grijs,4.5,856
Samsung,Android 6.0 Marshmallow,"5,2 inch Full HD scherm",32 GB opslagcapaciteit,349.0,Samsung Galaxy A5 (2017) Zwart,4.5,577
Apple,iOS 11,"4,7 inch Retina HD scherm",64 GB opslagcapaciteit,809.0,Apple iPhone 8 64GB Space Grey,4.5,70
Motorola,Android 7.0 Nougat,"5,2 inch Full HD scherm",32 GB opslagcapaciteit,249.0,Motorola Moto G5 Plus Grijs,4.5,419
Huawei,Android 7.0 Nougat,"5,2 inch Full HD-scherm",16 GB opslagcapaciteit,199.0,Huawei P8 Lite (2017) Zwart,4.5,270
Samsung,Android 7.0 Nougat,5 inch scherm,16 GB opslagcapaciteit,249.0,Samsung Galaxy Xcover 4,4.5,25
Samsung,Android 7.1 Nougat,"5,2 inch HD scherm",16 GB opslagcapaciteit,249.0,Samsung Galaxy J5 (2017) Dual Sim Zwart,4.5,73
Samsung,Android 7.0 Nougat,"5,8 inch Quad HD scherm",64 GB opslagcapaciteit,699.0,Samsung Galaxy S8 Zwart,4.5,563
Apple,iOS 11,"4,7 inch Retina HD scherm",64 GB opslagcapaciteit,784.0,Apple iPhone 8 64GB Goud,4.5,70
Samsung,Android 6.0 Marshmallow,"5,2 inch Full HD scherm",32 GB opslagcapaciteit,349.0,Samsung Galaxy A5 (2017) Goud,4.5,577
Apple,iOS 11,"4,7 inch Retina HD scherm",64 GB opslagcapaciteit,809.0,Apple iPhone 8 64GB Zilver,4.5,70
Fysic,Vereenvoudigde bediening,Grote letters en cijferweergave,Alarmknop,34.95,Fysic FM-7550 Senioren Telefoon,4.5,32
Motorola,Android 7.0 Nougat,"5,2 inch Full HD scherm",32 GB opslagcapaciteit,249.0,Motorola Moto G5 Plus Goud,4.5,419
Huawei,Android 7.0 Nougat,"5,2 inch Full HD-scherm",16 GB opslagcapaciteit,199.0,Huawei P8 Lite (2017) Goud,4.5,270
Motorola,Android 7.1 Nougat,5 inch HD scherm,16 GB opslagcapaciteit,149.0,Motorola Moto E4 Grijs,4.5,12
Samsung,Android 7.0 Nougat,"5,2 inch HD scherm",16 GB opslagcapaciteit,249.0,Samsung Galaxy J5 (2017) Dual Sim Blauw,4.5,73
Samsung,Android 7.0 Nougat,"5,8 inch Quad HD scherm",64 GB opslagcapaciteit,699.0,Samsung Galaxy S8 Zilver,4.5,563
Huawei,Android 7.0 Nougat,"5,2 inch Full HD-scherm",16 GB opslagcapaciteit,199.0,Huawei P8 Lite (2017) Wit,4.5,270
Samsung,Android 7.0 Nougat,"5,8 inch Quad HD scherm",64 GB opslagcapaciteit,699.0,Samsung Galaxy S8 Grijs,4.5,563
Samsung,Android 7.0 Nougat,"5,8 inch Quad HD scherm",64 GB opslagcapaciteit,699.0,Samsung Galaxy S8 Blauw,4.5,563
Samsung,Android 7.0 Nougat,"5,8 inch Quad HD scherm",64 GB opslagcapaciteit,699.0,Samsung Galaxy S8 Roze,4.5,563
Samsung,Android 6.0 Marshmallow,"5,2 inch Full HD scherm",32 GB opslagcapaciteit,349.0,Samsung Galaxy A5 (2017) Roze,4.5,577
Samsung,Android 7.0 Nougat,"5,2 inch HD scherm",16 GB opslagcapaciteit,249.0,Samsung Galaxy J5 (2017) Dual Sim Goud,4.5,73
Motorola,Android 7.1 Nougat,5 inch HD scherm,16 GB opslagcapaciteit,149.0,Motorola Moto E4 Goud,4.5,12
Samsung,Android 6.0 Marshmallow,"5,1 inch Quad HD scherm",32 GB opslagcapaciteit,479.0,Samsung Galaxy S7 Zwart,4.5,335
Samsung,Android 6.0 Marshmallow,"4,7 inch HD scherm",16 GB opslagcapaciteit,269.0,Samsung Galaxy A3 (2017) Zwart,4.5,348
Apple,iOS 10,"4,7 inch Retina HD scherm",32 GB opslagcapaciteit,599.0,Apple iPhone 7 32GB Zwart,4.5,1049
Samsung,Android 5.1 Lollipop,5 inch HD scherm,8 GB opslagcapaciteit,139.0,Samsung Galaxy J3 (2016) Zwart,4.5,491
Apple,iOS 9.3,4 inch Retina scherm,32 GB opslagcapaciteit,349.0,Apple iPhone SE 32GB Zilver,4.5,2030
Apple,iOS 9.3,4 inch Retina scherm,32 GB opslagcapaciteit,349.0,Apple iPhone SE 32GB Space Gray,4.5,2030
Motorola,Android 7.0 Nougat,"5,0 inch Full HD scherm",16 GB opslagcapaciteit,179.0,Motorola Moto G5 Grijs,4.5,439
Fysic,Vereenvoudigde bediening,Grote letters en cijferweergave,Alarmtoets,37.95,Fysic FM-7500 senioren telefoon,4.5,438
Apple,iOS 9,"4,7 inch Retina HD scherm",32 GB opslagcapaciteit,529.0,Apple iPhone 6s 32GB Space Gray,4.5,1228
Samsung,Android 7.1 Nougat,"5,2 inch HD scherm",16 GB opslagcapaciteit,249.0,Samsung Galaxy J5 (2017) Zwart,4.5,52
Huawei,Android 7.0 Nougat,"5,2 inch Full HD scherm",32 GB opslagcapaciteit,299.0,Huawei P10 Lite Zwart,4.5,159
Huawei,Android 7.1 Nougat,"5,9 inch Full HD scherm",64 GB opslagcapaciteit,349.0,Huawei Mate 10 Lite Zwart,5,1
Motorola,Android 7.1 Nougat,"5,5 inch Full HD scherm",32 GB opslagcapaciteit,299.0,Motorola Moto G5S Plus Grijs,4.5,26
Huawei,Android 6.0 Marshmallow,5 inch HD scherm,16 GB opslagcapaciteit,137.0,Huawei Y6 (2017) Grijs,4.5,25
Motorola,Android 6.0 Marshmallow,"5,5 inch Full HD scherm",16 GB opslagcapaciteit,149.0,Motorola Moto G4 Zwart,4.5,508
Apple,iOS 11,"5,5 inch Retina HD scherm",64 GB opslagcapaciteit,899.0,Apple iPhone 8 Plus 64GB Space Grey,4.5,91
Nokia,Merkgebonden besturingssysteem,"2,4 inch kleurenscherm",64 MB opslagcapaciteit,59.99,Nokia 3310 3G Grijs,4.5,13
Wileyfox,Android 7.1,5.2 inch Full HD scherm,32 GB opslagcapaciteit,198.0,Wileyfox Swift 2 X Blauw,4.5,307
Apple,iOS 11,"4,7 inch Retina HD scherm",256 GB opslagcapaciteit,949.0,Apple iPhone 8 256GB Space Grey,4.5,70
Samsung,Android 7.0 Nougat,5 inch HD scherm,16 GB opslagcapaciteit,199.0,Samsung Galaxy J3 (2017) Zwart,4.5,17
Samsung,Android 6.0 Marshmallow,"5,1 inch Quad HD scherm",32 GB opslagcapaciteit,479.0,Samsung Galaxy S7 Zilver,4.5,103
Apple,iOS 10,"4,7 inch Retina HD scherm",32 GB opslagcapaciteit,599.0,Apple iPhone 7 32GB Zilver,4.5,1049
Apple,iOS 9.3,4 inch Retina scherm,32 GB opslagcapaciteit,349.0,Apple iPhone SE 32GB Rose Gold,4.5,2030
Motorola,Android 7.1 Nougat,"5,2 inch Full HD scherm",32 GB opslagcapaciteit,229.0,Motorola Moto G5S Grijs,4.5,14
Huawei,Android 7.0 Nougat,"5,2 inch Full HD scherm",32 GB opslagcapaciteit,299.0,Huawei P10 Lite Blauw,4.5,159
CAT,Android 5.1 Lollipop,"4,5 inch scherm",8 GB opslagcapaciteit,164.49,CAT S30,4,115
CAT,Android 7.0 Nougat,5 inch Full HD scherm,32 GB opslagcapaciteit,449.0,CAT S41,4.5,15
Apple,iOS 9.3,4 inch Retina scherm,32 GB opslagcapaciteit,349.0,Apple iPhone SE 32GB Goud,4.5,2030
Samsung,Android 5.1 Lollipop,5 inch HD scherm,8 GB opslagcapaciteit,139.0,Samsung Galaxy J3 (2016) Goud,4.5,491
Samsung,Android 5.1 Lollipop,5 inch HD scherm,8 GB opslagcapaciteit,139.0,Samsung Galaxy J3 (2016) Wit,4.5,491
Motorola,Android 7.0 Nougat,5 inch HD scherm,16 GB opslagcapaciteit,119.0,Motorola Moto C Plus Zwart,4.5,19
Apple,iOS 11,"5,5 inch Retina HD scherm",64 GB opslagcapaciteit,899.0,Apple iPhone 8 Plus 64GB Goud,4.5,91
Samsung,Android 7.0 Nougat,"5,5 inch Full HD scherm",16 GB opslagcapaciteit,299.0,Samsung Galaxy J7 (2017) Dual Sim Zwart,4.5,29
Samsung,Android 6.0 Marshmallow,"4,7 inch HD scherm",16 GB opslagcapaciteit,269.0,Samsung Galaxy A3 (2017) Goud,4.5,348
Apple,iOS 10,"4,7 inch Retina HD scherm",32 GB opslagcapaciteit,599.0,Apple iPhone 7 32GB Rose Gold,4.5,1049
Apple,iOS 9,"4,7 inch Retina HD scherm",128 GB opslagcapaciteit,639.0,Apple iPhone 6s 128GB Space Gray,4.5,1228
Apple,iOS 11,"5,5 inch Retina HD scherm",256 GB opslagcapaciteit,1089.0,Apple iPhone 8 Plus 256GB Space Grey,4.5,91
Apple,iOS 9,"4,7 inch Retina HD scherm",32 GB opslagcapaciteit,529.0,Apple iPhone 6s 32GB Zilver,4.5,1228
Samsung,Android 6.0 Marshmallow,"5,1 inch Quad HD scherm",32 GB opslagcapaciteit,479.0,Samsung Galaxy S7 Wit,4.5,856
Samsung,Android 7.0 Nougat,"5,5 inch Full HD scherm",16 GB opslagcapaciteit,299.0,Samsung Galaxy J7 (2017) Dual Sim Goud,4.5,29
Samsung,Android 7.1 Nougat,"6,3 inch Quad HD scherm",64 GB opslagcapaciteit,949.0,Samsung Galaxy Note 8 Zwart,4.5,62
Wileyfox,Android 7.1,5 inch HD scherm,16 GB opslagcapaciteit,149.0,Wileyfox Swift 2 Blauw,4.5,120
Samsung,Android 7.1 Nougat,"5,2 inch HD scherm",16 GB opslagcapaciteit,249.0,Samsung Galaxy J5 (2017) Goud,4.5,52
Nokia,Android 7.1 Nougat,"5,2 inch HD scherm",16 GB opslagcapaciteit,199.0,Nokia 5 Zwart,4.5,51
Motorola,Android 7.1 Nougat,"5,2 inch Full HD scherm",64 GB opslagcapaciteit,379.99,Motorola Moto X4 Zwart,5,2
Motorola,Android 7.0 Nougat,"5,0 inch Full HD scherm",16 GB opslagcapaciteit,179.0,Motorola Moto G5 Goud,4.5,439
Apple,iOS 9.3,4 inch Retina scherm,128 GB opslagcapaciteit,469.0,Apple iPhone SE 128GB Zilver,4.5,2030
Samsung,Android 7.0 Nougat,"6,2 inch Quad HD scherm",64 GB opslagcapaciteit,799.0,Samsung Galaxy S8 Plus Zwart,5,282
Nokia,Merkgebonden besturingssysteem,"2,4 inch kleurenscherm",64 MB opslagcapaciteit,59.99,Nokia 3310 3G Blauw,4.5,13
Samsung,Android 7.0 Nougat,"6,2 inch Quad HD scherm",64 GB opslagcapaciteit,799.0,Samsung Galaxy S8 Plus Zwart,5,282
Apple,iOS 11,"5,5 inch Retina HD scherm",64 GB opslagcapaciteit,899.0,Apple iPhone 8 Plus 64GB Zilver,4.5,91
Samsung,Android 6.0 Marshmallow,"5,1 inch Quad HD scherm",32 GB opslagcapaciteit,479.0,Samsung Galaxy S7 Goud,4.5,856
Apple,iOS 9.3,4 inch Retina scherm,128 GB opslagcapaciteit,449.0,Apple iPhone SE 128GB Goud,4.5,2030
Motorola,Android 7.1 Nougat,"5,5 inch HD scherm",16 GB opslagcapaciteit,179.0,Motorola Moto E4 Plus Grijs,4.5,22
Apple,iOS 10,"4,7 inch Retina HD scherm",32 GB opslagcapaciteit,599.0,Apple iPhone 7 32GB Goud,4.5,1049
Huawei,Android 7.0 Nougat,"5,2 inch Full HD scherm",32 GB opslagcapaciteit,299.0,Huawei P10 Lite Goud,4.5,159
Apple,iOS 9,"4,7 inch Retina HD scherm",32 GB opslagcapaciteit,529.0,Apple iPhone 6s 32GB Rose Gold,4.5,1228
Sony,Android 7.0 Nougat,6 inch Full HD scherm,32 GB opslagcapaciteit,379.0,Sony Xperia XA1 Ultra Zwart,4.5,36
Nokia,Android 7.0 Nougat,5 inch HD scherm,16 GB opslagcapaciteit,149.0,Nokia 3 Zwart,4,34
Nokia,"2,4 inch-scherm",16 MB opslagcapaciteit,FM radio,49.95,Nokia 216 Zwart,4,18
Huawei,Android 6.0 Marshmallow,5 inch HD scherm,16 GB opslagcapaciteit,137.0,Huawei Y6 (2017) Goud,4.5,25
Samsung,Android 7.0 Nougat,5 inch HD scherm,16 GB opslagcapaciteit,199.0,Samsung Galaxy J3 (2017) Goud,4.5,17
Wileyfox,Android 7.1,5.2 inch Full HD scherm,32 GB opslagcapaciteit,196.0,Wileyfox Swift 2 X Goud,4.5,307
Apple,iOS 10,"4,7 inch Retina HD scherm",128 GB opslagcapaciteit,749.0,Apple iPhone 7 128GB Rood,4.5,1049
Emporia,Extra grote toetsen,Geschikt voor hoortoeste,Noodknop,57.99,Emporia Pure senioren telefoon,4.5,90
Emporia,Extra grote toetsen,Geschikt voor hoortoeste,Noodknop,57.0,Emporia Flip Basic senioren telefoon zwart,4.5,145
Emporia,Extra grote toetsen,Geschikt voor hoortoeste,Noodknop,49.0,Emporia Flip Basic Goud,4.5,145
Apple,iOS 10,"5,5 inch Retina HD scherm",32 GB opslagcapaciteit,779.0,Apple iPhone 7 Plus 32 GB Zwart,4.5,93
Doro,Extra grote toetsen,Geschikt voor hoortoeste,Noodknop,189.0,Doro 8031 Zwart,4.5,30
Huawei,Android 7.0 Nougat,"5,1 inch Full HD scherm",64 GB opslagcapaciteit,549.0,Huawei P10 Zwart,4.5,70
Nokia,Merkgebonden besturingssysteem,"2,4 inch kleurenscherm",64 MB opslagcapaciteit,59.99,Nokia 3310 3G Geel,4.5,13
Doro,Extra grote toetsen,Geschikt voor hoortoeste,Noodknop,239.0,Doro 8040 Zwart,4,1
Apple,iOS 11,"5,5 inch Retina HD scherm",256 GB opslagcapaciteit,1089.0,Apple iPhone 8 Plus 256GB Zilver,4.5,91
Apple,iOS 10,"5,5 inch Retina HD scherm",32 GB opslagcapaciteit,779.0,Apple iPhone 7 Plus 32 GB Zilver,4.5,397
Samsung,Android 6.0 Marshmallow,"4,7 inch HD scherm",16 GB opslagcapaciteit,269.0,Samsung Galaxy A3 (2017) Roze,4.5,348
Honor,Android 7.0 Nougat,"5,2 inch Full HD scherm",64 GB opslagcapaciteit,429.0,Honor 9 Zwart,4.5,34
Samsung,Android 7.0 Nougat,5 inch HD scherm,16 GB opslagcapaciteit,199.0,Samsung Galaxy J3 (2017) Dual Sim Zwart,4.5,17
Cat,2 inch scherm,Dual sim-telefoon,Stof- en waterdicht,69.0,Cat B25,4,53
CAT,2 inch-scherm,Dual sim,Stof- en waterdicht,89.99,CAT B30,2.5,12
Samsung,Android 6.0 Marshmallow,"5,5 inch Quad HD scherm",32 GB opslagcapaciteit,599.0,Samsung Galaxy S7 Edge Zwart,4.5,932
Apple,iOS 10,"4,7 inch Retina HD scherm",32 GB opslagcapaciteit,599.0,Apple iPhone 7 32 GB Jet Black,4.5,1049
Huawei,Android 6.0 Marshmallow,5 inch Full HD-scherm,32 GB opslagcapaciteit,279.0,Huawei Nova Grijs,4.5,60
Sony,Android 7.0 Nougat,"5,5 inch HD scherm",16 GB opslagcapaciteit,199.0,Sony Xperia L1 Zwart,4.5,17
Huawei,Android 6.0 Marshmallow,5 inch HD scherm,16 GB opslagcapaciteit,137.0,Huawei Y6 (2017) Wit,4.5,25
Nokia,Android 7.1 Nougat,"5,3 inch Quad HD scherm",64 GB opslagcapaciteit,599.99,Nokia 8 Blauw,4.5,28
Wileyfox,Android 7.0 Nougat,"5,5 inch HD-scherm",16 GB opslagcapaciteit,129.0,Wileyfox Spark X Zwart,4.5,58
Doro,Extra grote toetsen,Geschikt voor hoortoeste,Noodknop,147.99,Doro Secure 580 senioren telefoon wit,4.5,76
Apple,iOS 9,"4,7 inch Retina HD scherm",32 GB opslagcapaciteit,529.0,Apple iPhone 6s 32GB Goud,4.5,1228
Huawei,Android 7.0 Nougat,5 inch HD scherm,16 GB opslagcapaciteit,179.0,Huawei Y6 Pro (2017) Zwart,4,6
Nokia,Merkgebonden besturingssysteem,"2,4 inch kleurenscherm",64 MB opslagcapaciteit,59.99,Nokia 3310 3G Rood,4.5,13
Motorola,Android 7.1 Nougat,"5,2 inch Full HD scherm",64 GB opslagcapaciteit,379.99,Motorola Moto X4 Zilver,5,2
Apple,iOS 11,"4,7 inch Retina HD scherm",256 GB opslagcapaciteit,949.0,Apple iPhone 8 256GB Zilver,4.5,70
Apple,iOS 10,"5,5 inch Retina HD scherm",128 GB opslagcapaciteit,883.24,Apple iPhone 7 Plus 128 GB Zwart,4.5,397
Huawei,Android 6.0 Marshmallow,"5,2 inch Full HD-scherm",32 GB opslagcapaciteit,329.0,Huawei P9 Grijs,4.5,40
Wileyfox,Android 7.1,5 inch HD scherm,16 GB opslagcapaciteit,149.0,Wileyfox Swift 2 Goud,4.5,120
Wileyfox,Android 7.1 Nougat,5 inch HD scherm,32 GB opslagcapaciteit,179.0,Wileyfox Swift 2+ Blauw,4,127
Huawei,Android 7.0 Nougat,"5,2 inch Full HD scherm",32 GB opslagcapaciteit,299.0,Huawei P10 Lite Wit,4.5,159
General,Android 7.0 Nougat,5 inch HD scherm,32 GB opslagcapaciteit,199.0,General Mobile GM6 Zwart,4.5,11
Apple,iOS 11,"4,7 inch Retina HD scherm",256 GB opslagcapaciteit,979.0,Apple iPhone 8 256GB Goud,4.5,70
Wileyfox,Android 7.1 Nougat,5 inch HD scherm,32 GB opslagcapaciteit,178.0,Wileyfox Swift 2+ Goud,4,127
CAT,Android 6.0 Marshmallow,"4,7 inch HD-scherm",32 GB opslagcapaciteit,619.0,CAT S60,4.5,99
LG,Android 7.0 Nougat,"5,7 inch Quad HD scherm",32 GB opslagcapaciteit,479.0,LG G6 Grijs,4.5,18
LG,Android 7.0 Nougat,"5,7 inch Quad HD scherm",32 GB opslagcapaciteit,479.0,LG G6 Zwart,4.5,18
Emporia,Extra grote toetsen,Geschikt voor hoortoeste,Noodknop,59.0,Emporia Flip Basic senioren telefoon rood,4.5,145
Sony,Android 7.0 Nougat,5 inch HD scherm,32 GB opslagcapaciteit,279.0,Sony Xperia XA1 Zwart,4.5,91
Nokia,Android 7.1 Nougat,"5,2 inch HD scherm",16 GB opslagcapaciteit,199.0,Nokia 5 Zilver,4.5,51
Nokia,Android 7.1 Nougat,"5,2 inch HD scherm",16 GB opslagcapaciteit,199.0,Nokia 5 Blauw,4.5,51
Motorola,Android 7.1 Nougat,"5,5 inch Full HD scherm",64 GB opslagcapaciteit,449.99,Motorola Moto Z2 Play Grijs,4.5,16
Sony,Android 7.1 Nougat,"5,5 inch Full HD scherm",32 GB opslagcapaciteit,349.0,Sony Xperia XA1 Plus Zwart,4,2
Asus,Android 7.0 Nougat,"5,5 inch HD scherm",32 GB opslagcapaciteit,249.0,Asus Zenfone 4 Max 5.5 inch Zwart,4.5,5
Motorola,Android 7.1 Nougat,"5,5 inch Full HD scherm",32 GB opslagcapaciteit,299.0,Motorola Moto G5S Plus Goud,4.5,26
HTC,Android 6.0 Marshmallow,"5,2 inch Full HD scherm",32 GB opslagcapaciteit,249.0,HTC U Play Zwart,4.5,18
Samsung,Android 7.0 Nougat,"6,2 inch Quad HD scherm",64 GB opslagcapaciteit,799.0,Samsung Galaxy S8 Plus Zilver,5,282
Huawei,Android 7.0 Nougat,"5,1 inch Full HD scherm",64 GB opslagcapaciteit,549.0,Huawei P10 Blauw,4.5,70
Huawei,Android 6.0 Marshmallow,5 inch HD scherm,16 GB opslagcapaciteit,137.0,Huawei Y6 (2017) Blauw,4.5,25
Honor,Android 7.0 Nougat,"5,2 inch Full HD scherm",64 GB opslagcapaciteit,429.0,Honor 9 Blauw,4.5,34
Nokia,Android 7.1 Nougat,"5,3 inch Quad HD scherm",64 GB opslagcapaciteit,599.0,Nokia 8 Grijs,4.5,28
Fysic,Extra grote toetsen,Geschikt voor hoortoeste,Noodknop,49.99,Fysic FM-7800,4,13
Apple,iOS 9,"4,7 inch Retina HD scherm",128 GB opslagcapaciteit,639.0,Apple iPhone 6s 128GB Goud,4.5,1228
Nokia,Android 7.0 Nougat,5 inch HD scherm,16 GB opslagcapaciteit,149.0,Nokia 3 Koper,4,34
LG,Android 7.1 Nougat,"5,5 inch Full HD scherm",32 GB opslagcapaciteit,299.0,LG Q6 Zwart,4.5,3
Samsung,Android 7.1 Nougat,"6,3 inch Quad HD scherm",64 GB opslagcapaciteit,949.0,Samsung Galaxy Note 8 Goud,4.5,62
Samsung,Android 7.0 Nougat,"6,2 inch Quad HD scherm",64 GB opslagcapaciteit,799.0,Samsung Galaxy S8 Plus Blauw,5,282
Apple,iOS 9,"4,7 inch Retina HD scherm",128 GB opslagcapaciteit,639.0,Apple iPhone 6s 128GB Rose Gold,4.5,1228
Apple,iOS 9,"5,5 inch Retina HD scherm",128 GB opslagcapaciteit,749.0,Apple iPhone 6s Plus 128GB Space Gray,4.5,293
Doro,Extra grote toetsen,Geschikt voor hoortoeste,Noodknop,189.0,Doro 8031 Goud,4.5,30
Huawei,Android 7.0 Nougat,"5,5 inch Quad HD scherm",128 GB opslagcapaciteit,699.0,Huawei P10 Plus Zwart,4.5,16
HTC,Android 7.1 Nougat,"5,5 inch Quad HD scherm",64 GB opslagcapaciteit,699.0,HTC U11 Zilver,4.5,27
Emporia,Extra grote toetsen,Geschikt voor hoortoeste,Noodknop,89.0,Emporia Comfort senioren telefoon,4.5,6
Nokia,Android 7.1 Nougat,"5,2 inch HD scherm",16 GB opslagcapaciteit,199.0,Nokia 5 Koper,4.5,51
Fysic,Extra grote toetsen,Geschikt voor hoortoeste,Noodknop,89.99,Fysic FM-9710 Rood,0,0
Profoon,2 inch scherm,Dual sim-telefoon,Stofdicht en waterdicht,39.99,Profoon OUTDOOR,0,0
Huawei,Android 7.0 Nougat,5 inch HD scherm,16 GB opslagcapaciteit,179.0,Huawei Y6 Pro (2017) Goud,4,6
Sony,Android 8.0 Oreo,"4,6 inch HD scherm",32 GB opslagcapaciteit,599.0,Sony Xperia XZ1 Compact Blauw,4.5,24
Asus,Android 7.0 Nougat,"5,2 inch HD scherm",16 GB opslagcapaciteit,199.0,Asus Zenfone 4 Max 5.2 inch Zwart,0,0
Sony,Android 8.0 Oreo,"5,2 inch Full HD scherm",64 GB opslagcapaciteit,699.0,Sony Xperia XZ1 Zwart,4.5,11
Sony,Android 8.0 Oreo,"4,6 inch HD scherm",32 GB opslagcapaciteit,599.0,Sony Xperia XZ1 Compact Zilver,4.5,24
Asus,Android 7.0 Nougat,"5,5 inch HD scherm",32 GB opslagcapaciteit,249.0,Asus Zenfone 4 Max 5.5 inch Goud,4.5,3
Doro,Extra grote toetsen,Geschikt voor hoortoeste,Noodknop,189.0,Doro 8031 Wit,4.5,30
Doro,Extra grote toetsen,Geschikt voor hoortoeste,Noodknop,85.0,Doro Primo 413 Zwart,4.5,45
Asus,Android 6.0 Marshmallow,"5,2 inch HD scherm",32 GB opslagcapaciteit,199.0,Asus Zenfone 3 Max 5.2 inch Grijs,4.5,44
Apple,iOS 10,"5,5 inch Retina HD scherm",128 GB opslagcapaciteit,889.0,Apple iPhone 7 Plus 128GB Rood,4.5,397
Sony,Android 7.0 Nougat,"5,5 inch HD scherm",16 GB opslagcapaciteit,199.0,Sony Xperia L1 Wit,4.5,17
Motorola,Android 7.1 Nougat,"5,5 inch HD scherm",16 GB opslagcapaciteit,179.0,Motorola Moto E4 Plus Goud,4.5,22
Honor,Android 7.0 Nougat,"5,2 inch Full HD scherm",64 GB opslagcapaciteit,429.0,Honor 9 Zilver,4.5,34
RugGear,2 inch scherm,Stof- en waterdicht,Stand-by: 25 dagen,119.0,RugGear RG100 Zwart,4,55
Apple,iOS 10,"4,7 inch Retina HD scherm",256 GB opslagcapaciteit,849.0,Apple iPhone 7 256GB Rose Gold,4.5,1049
Alcatel,Android 7.0 Nougat,5 inch Full HD scherm,8 GB opslagcapaciteit,119.0,Alcatel U5 HD Zwart,5,1
Asus,Android 7.0 Nougat,"5,5 inch Full HD scherm",64 GB opslagcapaciteit,399.0,Asus Zenfone 4 Selfie PRO Zwart,4.5,1
Asus,Android 7.0 Nougat,"5,5 inch Full HD scherm",64 GB opslagcapaciteit,399.0,Asus Zenfone 4 Selfie PRO Goud,4.5,1
Wiko,Android 7.0 Nougat,"5,5 inch HD scherm",32 GB opslagcapaciteit,179.99,Wiko U Pulse Zwart,4.5,1
Motorola,Android 7.1 Nougat,"5,5 inch Quad HD scherm",64 GB opslagcapaciteit,799.0,Motorola Moto Z2 Force Zwart,0,0
Fysic,Extra grote toetsen,Geschikt voor hoortoeste,Noodknop,89.99,Fysic FM-9710 Wit,0,0
Huawei,Android 7.1 Nougat,"5,9 inch Full HD scherm",64 GB opslagcapaciteit,349.0,Huawei Mate 10 Lite Goud,5,1
Huawei,Android 8.0 Oreo,6 inch Full HD scherm,128 GB opslagcapaciteit,799.0,Huawei Mate 10 PRO Zwart,0,0
Huawei,Android 8.0 Oreo,6 inch Full HD scherm,128 GB opslagcapaciteit,799.0,Huawei Mate 10 PRO Bruin,0,0
Sony,Android 7.0 Nougat,6 inch Full HD scherm,32 GB opslagcapaciteit,379.0,Sony Xperia XA1 Ultra Goud,4.5,36
Sony,Android 8.0 Oreo,"5,2 inch Full HD scherm",64 GB opslagcapaciteit,699.0,Sony Xperia XZ1 Zilver,4.5,11
Sony,Android 8.0 Oreo,"5,2 inch Full HD scherm",64 GB opslagcapaciteit,699.0,Sony Xperia XZ1 Blauw,4.5,11
Sony,Android 8.0 Oreo,"5,2 inch Full HD scherm",64 GB opslagcapaciteit,699.0,Sony Xperia XZ1 Roze,4.5,11
Asus,Android 6.0 Marshmallow,"5,2 inch HD scherm",32 GB opslagcapaciteit,198.0,Asus Zenfone 3 Max 5.2 inch Goud,4.5,44
Huawei,Android 7.0 Nougat,"5,1 inch Full HD scherm",64 GB opslagcapaciteit,549.0,Huawei P10 Goud,4.5,70
Sony,Android 7.0 Nougat,6 inch Full HD scherm,32 GB opslagcapaciteit,379.0,Sony Xperia XA1 Ultra Wit,4.5,36
Sony,Android 7.0 Nougat,5 inch HD scherm,32 GB opslagcapaciteit,279.0,Sony Xperia XA1 Wit,4.5,91
Alcatel,Android 6.0 Marshmallow,5 inch HD scherm,16 GB opslagcapaciteit,149.0,Alcatel A3 Wit,4.5,2
Alcatel,Android 6.0 Marshmallow,5 inch HD scherm,16 GB opslagcapaciteit,179.0,Alcatel Shine Lite Wit,4,8
Samsung,Android 6.0 Marshmallow,"5,5 inch Quad HD scherm",32 GB opslagcapaciteit,599.0,Samsung Galaxy S7 Edge Blauw,4.5,932
Apple,iOS 9,"5,5 inch Retina HD scherm",32 GB opslagcapaciteit,639.0,Apple iPhone 6s Plus 32GB Goud,4.5,293
Honor,Android 7.0 Nougat,"5,7 inch Quad HD scherm",64 GB opslagcapaciteit,549.0,Honor 8 Pro Goud,4.5,13
Emporia,Extra grote toetsen,Geschikt voor hoortoeste,Noodknop,69.99,Emporia Classic senioren telefoon,4.5,1
Motorola,Android 7.1 Nougat,"5,5 inch Full HD scherm",64 GB opslagcapaciteit,449.99,Motorola Moto Z2 Play Goud,4.5,16
Apple,Geen tot zeer lichte gebruikssporen,Inclusief originele Apple accessoires,1 jaar garantie,399.0,Apple iPhone 6s 16GB Goud (1 jaar garantie),3.5,3
Alcatel,"2,4-inch kleurendisplay",Geheugen uitbreidbaar,"0,3 MP Camera",44.99,Alcatel OT-2045 Zwart,4.5,4
Samsung,Android 6.0 Marshmallow,"5,5 inch Quad HD scherm",32 GB opslagcapaciteit,599.0,Samsung Galaxy S7 Edge Goud,4.5,932
CrossCall,Android 5.1 Lollipop,"4,5 inch scherm",8 GB opslagcapaciteit,249.0,CrossCall Trekker M1 Zwart,4,3
Huawei,Android 7.0 Nougat,"5,9 inch Full HD-scherm",64 GB opslagcapaciteit,629.0,Huawei Mate 9 Zilver,5,73
HTC,Android 7.0 Nougat,"5,7 inch Quad HD scherm",64 GB opslagcapaciteit,399.0,HTC U Ultra Blauw,4,3
Apple,iOS 10,"5,5 inch Retina HD scherm",256 GB opslagcapaciteit,949.0,Apple iPhone 7 Plus 256 GB Rose Gold,4.5,397
Apple,iOS 10,"5,5 inch Retina HD scherm",256 GB opslagcapaciteit,969.0,Apple iPhone 7 Plus 256 GB Zilver,4.5,397
Apple,iOS 10,"5,5 inch Retina HD scherm",256 GB opslagcapaciteit,949.0,Apple iPhone 7 Plus 256 GB Goud,4.5,397
Apple,iOS 10,"5,5 inch Retina HD scherm",32 GB opslagcapaciteit,779.0,Apple iPhone 7 Plus 32 GB Rose Gold,4.5,397
CrossCall,"2,4 inch-scherm",Dual sim-telefoon,2 megapixel-camera,99.0,CrossCall Spider X4 Zwart,4,2
Huawei,Android 7.0 Nougat,"5,5 inch Quad HD scherm",128 GB opslagcapaciteit,699.0,Huawei P10 Plus Zilver,4.5,16
Energizer,"2,4 inch scherm",Dual sim,Robuuste behuizing,59.99,Energizer Energy 100,0,0
Getnord,Android 6.0 Marshmallow,"4,7 inch HD scherm",16 GB opslagcapaciteit,399.0,Getnord Onyx,4,5
Huawei,Android 7.0 Nougat,"5,5 inch Quad HD scherm",128 GB opslagcapaciteit,699.0,Huawei P10 Plus Goud,4.5,16
Getnord,"2,2 inch scherm",Robuuste behuizing,Stof- en waterdicht,99.0,Getnord Walrus,4,5
Huawei,Android 7.0 Nougat,"5,1 inch Full HD scherm",64 GB opslagcapaciteit,549.0,Huawei P10 Zilver,4.5,70
Sony,Android 7.0 Nougat,"5,2 inch Full HD scherm",32 GB opslagcapaciteit,649.0,Sony Xperia XZs Blauw,4.5,13
Sony,Android 7.0 Nougat,"5,5 inch 4K scherm",64 GB opslagcapaciteit,738.0,Sony Xperia XZ Premium Zwart,5,37
Refurbished,Geen tot zeer lichte gebruikssporen,Inclusief originele Apple-accessoires,2 jaar garantie,499.0,Refurbished Apple iPhone 6s 16GB Goud (2 jaar garantie),0,0
Refurbished,Geen tot zeer lichte gebruikssporen,Inclusief originele Apple-accessoires,2 jaar garantie,649.0,Refurbished Apple iPhone 6s Plus 64GB Goud (2 jaar garantie),0,0
Apple,iOS 10,"5,5 inch Retina HD scherm",32 GB opslagcapaciteit,779.0,Apple iPhone 7 Plus 32 GB Rose Gold,4.5,397
CrossCall,"2,4 inch-scherm",Dual sim-telefoon,2 megapixel-camera,99.0,CrossCall Spider X4 Zwart,4,2
Huawei,Android 7.0 Nougat,"5,5 inch Quad HD scherm",128 GB opslagcapaciteit,699.0,Huawei P10 Plus Zilver,4.5,16
Energizer,"2,4 inch scherm",Dual sim,Robuuste behuizing,59.99,Energizer Energy 100,0,0
Getnord,Android 6.0 Marshmallow,"4,7 inch HD scherm",16 GB opslagcapaciteit,399.0,Getnord Onyx,4,5
Huawei,Android 7.0 Nougat,"5,5 inch Quad HD scherm",128 GB opslagcapaciteit,699.0,Huawei P10 Plus Goud,4.5,16
Getnord,"2,2 inch scherm",Robuuste behuizing,Stof- en waterdicht,99.0,Getnord Walrus,4,5
Huawei,Android 7.0 Nougat,"5,1 inch Full HD scherm",64 GB opslagcapaciteit,549.0,Huawei P10 Zilver,4.5,70
Sony,Android 7.0 Nougat,"5,2 inch Full HD scherm",32 GB opslagcapaciteit,649.0,Sony Xperia XZs Blauw,4.5,13
Sony,Android 7.0 Nougat,"5,5 inch 4K scherm",64 GB opslagcapaciteit,738.0,Sony Xperia XZ Premium Zwart,5,37
Refurbished,Geen tot zeer lichte gebruikssporen,Inclusief originele Apple-accessoires,2 jaar garantie,499.0,Refurbished Apple iPhone 6s 16GB Goud (2 jaar garantie),0,0
Refurbished,Geen tot zeer lichte gebruikssporen,Inclusief originele Apple-accessoires,2 jaar garantie,649.0,Refurbished Apple iPhone 6s Plus 64GB Goud (2 jaar garantie),0,0
Alcatel,Android 6.0 Marshmallow,"5,2 inch HD scherm",16 GB opslagcapaciteit,199.0,Alcatel A5 LED,3.5,1
Alcatel,Android 6.0 Marshmallow,5 inch HD scherm,16 GB opslagcapaciteit,149.0,Alcatel A3 Zwart,4.5,2
LG,Android 7.0 Nougat,5 inch HD scherm,16 GB opslagcapaciteit,169.99,LG K8 (2017) Grijs,4,2
Lenovo,Android 6.0 Marshmallow,"6,4 inch Full HD scherm",32 GB opslagcapaciteit,449.0,Lenovo Phab2 Pro Grijs,4,2
Asus,Android 6.0 Marshmallow,"5,5 inch Full HD scherm",32 GB opslagcapaciteit,249.0,Asus Zenfone 3 Max 5.5 inch Goud,4.5,42
Wiko,Android 6.0 Marshmallow,5 inch HD scherm,16 GB opslagcapaciteit,199.0,Wiko Ufeel Blauw,4,25
Ruggear,Merkgebonden OS,"2,2 inch scherm",Uitbreidbaar geheugen,64.95,Ruggear XF,4,6
Samsung,Android 6.0 Marshmallow,"5,5 inch Quad HD scherm",32 GB opslagcapaciteit,599.0,Samsung Galaxy S7 Edge Roze,4.5,932
CrossCall,Dual sim-telefoon,"1,7 inch-scherm","0,3 megapixel-camera",69.99,CrossCall Spider X1 Zwart,4,4
Lenovo,Android 6.0 Marshmallow,"5,5 inch Full HD-scherm",32 GB opslagcapaciteit,399.0,Lenovo Moto Z Play Wit,4.5,33
Lenovo,Android 6.0 Marshmallow,"5,5 inch Full HD-scherm",32 GB opslagcapaciteit,429.0,Lenovo Moto Z Play Zwart,4.5,33
CrossCall,"2,2 inch scherm",Robuuste behuizing,64 MB opslagcapaciteit,99.0,CrossCall Shark V2 Rood,4,10
Samsung,Android 6.0 Marshmallow,"5,5 inch Quad HD scherm",32 GB opslagcapaciteit,579.0,Samsung Galaxy S7 Edge Wit,4.5,932
Samsung,Android 6.0 Marshmallow,"5,5 inch Quad HD scherm",32 GB opslagcapaciteit,599.0,Samsung Galaxy S7 Edge Zilver,4.5,932
Doro,Extra grote toetsen,Geschikt voor hoortoeste,Noodknop,78.99,Doro 6030 Zwart,4.5,38
Doro,Extra grote toetsen,Geschikt voor hoortoeste,Noodknop,79.0,Doro 6030 Wit,4.5,38
Sony,Android 7.0 Nougat,5 inch HD scherm,32 GB opslagcapaciteit,279.0,Sony Xperia XA1 Goud,4.5,91
Nokia,Android 7.0 Nougat,5 inch HD scherm,16 GB opslagcapaciteit,149.0,Nokia 3 Wit,4,34
Nokia,Android 7.0 Nougat,5 inch HD scherm,16 GB opslagcapaciteit,149.0,Nokia 3 Blauw,4,34
Fysic,Extra grote toetsen,Geschikt voor hoortoeste,Noodknop,79.99,Fysic FM-7950 GPS,0,0
Huawei,Android 7.0 Nougat,5 inch HD scherm,16 GB opslagcapaciteit,179.0,Huawei Y6 Pro (2017) Zilver,4,6
Apple,iOS 10,"5,5 inch Retina HD scherm",256 GB opslagcapaciteit,949.0,Apple iPhone 7 Plus 256 GB Zwart,4.5,397
HTC,Android 6.0 Marshmallow,5 inch HD-scherm,32 GB opslagcapaciteit,229.0,HTC One A9s Zwart,4.5,16
Huawei,Android 7.0 Nougat,"5,1 inch Full HD scherm",64 GB opslagcapaciteit,549.0,Huawei P10 Groen,4.5,70
HTC,Android 7.1 Nougat,"5,5 inch Quad HD scherm",64 GB opslagcapaciteit,699.0,HTC U11 Wit,4.5,27
HTC,Android 6.0 Marshmallow,5 inch HD-scherm,16 GB opslagcapaciteit,169.0,HTC Desire 650 Wit/Geel,4.5,26
Apple,iOS 9,"5,5 inch Retina HD scherm",32 GB opslagcapaciteit,639.0,Apple iPhone 6s Plus 32GB Zilver,4.5,293
Apple,iOS 9,"5,5 inch Retina HD scherm",32 GB opslagcapaciteit,639.0,Apple iPhone 6s Plus 32GB Rose Gold,4.5,293
Huawei,Android 7.0 Nougat,"5,5 inch HD scherm",16 GB opslagcapaciteit,199.0,Huawei Y7 (2017) Zilver,4.5,5
Huawei,Android 7.0 Nougat,"5,5 inch HD scherm",16 GB opslagcapaciteit,199.0,Huawei Y7 (2017) Goud,4.5,5
Apple,iOS 10,"5,5 inch Retina HD scherm",128 GB opslagcapaciteit,779.0,Apple iPhone 7 Plus 32 GB Jet Black,4.5,397
Asus,Android 7.0 Nougat,"5,5 inch Full HD scherm",64 GB opslagcapaciteit,499.0,Asus Zenfone 4 Zwart,5,3
Wiko,Android 7.0 Nougat,"5,2 inch HD scherm",32 GB opslagcapaciteit,149.99,Wiko U Pulse Lite Zwart,5,1
Sony,Android 8.0 Oreo,"4,6 inch HD scherm",32 GB opslagcapaciteit,599.0,Sony Xperia XZ1 Compact Roze,4.5,24
Sony,Android 7.1 Nougat,"5,5 inch Full HD scherm",32 GB opslagcapaciteit,349.0,Sony Xperia XA1 Plus Blauw,4,2
Sony,Android 7.1 Nougat,"5,5 inch Full HD scherm",32 GB opslagcapaciteit,349.0,Sony Xperia XA1 Plus Goud,4,2
Asus,Android 7.0 Nougat,"5,2 inch HD scherm",16 GB opslagcapaciteit,199.0,Asus Zenfone 4 Max 5.2 inch Goud,5,1
Asus,Android 7.1 Nougat,"5,5 inch HD scherm",64 GB opslagcapaciteit,299.0,Asus Zenfone 4 Selfie Zwart,0,0
Asus,Android 7.0 Nougat,"5,5 inch Full HD scherm",64 GB opslagcapaciteit,499.0,Asus Zenfone 4 Wit,5,3
Wiko,Android 7.1 Nougat,"5,7 inch HD scherm",32 GB opslagcapaciteit,199.99,Wiko View Goud,4.5,1
Wiko,Android 7.1 Nougat,"5,5 inch Full HD scherm",64 GB opslagcapaciteit,399.99,Wiko Wim Zwart,5,1
Apple,iOS 10,"5,5 inch Retina HD scherm",32 GB opslagcapaciteit,779.0,Apple iPhone 7 Plus 32 GB Goud,4.5,397
Apple,iOS 10,"5,5 inch Retina HD scherm",256 GB opslagcapaciteit,989.0,Apple iPhone 7 Plus 256 GB Jet Black,4.5,397
Huawei,Android 6.0 Marshmallow,"5,2 inch Full HD scherm",32 GB opslagcapaciteit,329.0,Huawei P9 Zilver,4.5,21
Huawei,Android 6.0 Marshmallow,"5,2 inch Full HD scherm",16 GB opslagcapaciteit,249.0,Huawei P9 Lite Wit,4.5,77
Doro,Extra grote toetsen,Noodknop,2 megapixel-camera,88.99,Doro Primo 413 Blauw,4.5,45
Doro,Extra grote toetsen,Noodknop,2 megapixel-camera,85.0,Doro Primo 413 Rood,4.5,45
Sony,Android 6.0 Marshmallow,"5,2 inch Full HD-scherm",32 GB opslagcapaciteit,549.0,Sony Xperia XZ Zwart,4.5,28
Sony,Android 7.0 Nougat,"5,2 inch Full HD scherm",32 GB opslagcapaciteit,599.0,Sony Xperia XZs Zwart,4.5,13
Sony,Android 7.0 Nougat,"5,2 inch Full HD scherm",32 GB opslagcapaciteit,599.0,Sony Xperia XZs Zilver,4.5,13
Sony,Android 7.0 Nougat,"5,5 inch 4K scherm",64 GB opslagcapaciteit,699.0,Sony Xperia XZ Premium Zilver,5,37
HTC,Android 6.0 Marshmallow,"5,2 inch Full HD scherm",32 GB opslagcapaciteit,249.0,HTC U Play Blauw,4.5,18
Samsung,Android 7.0 Nougat,"6,2 inch Quad HD scherm",64 GB opslagcapaciteit,799.0,Samsung Galaxy S8 Plus Grijs,5,282
Apple,iOS 10,"4,7 inch Retina HD scherm",256 GB opslagcapaciteit,799.0,Apple iPhone 7 256GB Rood,4.5,1049
Apple,iOS 10,"5,5 inch Retina HD scherm",256 GB opslagcapaciteit,949.0,Apple iPhone 7 Plus 256GB Rood,4.5,397
Apple,iOS 9.3,4 inch Retina scherm,128 GB opslagcapaciteit,469.0,Apple iPhone SE 128GB Rose Gold,4.5,2030
Huawei,Android 7.0 Nougat,"5,5 inch HD scherm",16 GB opslagcapaciteit,199.0,Huawei Y7 (2017) Grijs,4.5,5
Nokia,Android 7.1 Nougat,"5,3 inch Quad HD scherm",64 GB opslagcapaciteit,599.99,Nokia 8 Glanzend Blauw,4.5,28
Apple,iOS 10,"4,7 inch Retina HD scherm",256 GB opslagcapaciteit,799.0,Apple iPhone 7 256GB Goud,4.5,1049
Asus,Android 7.0 Nougat,"5,5 inch Full HD scherm",64 GB opslagcapaciteit,499.0,Asus Zenfone 4 Groen,5,3
CAT,Android 7.1 Nougat,"4,7 inch HD scherm",16 GB opslagcapaciteit,329.0,CAT S31,0,0
Huawei,Android 8.0 Oreo,6 inch Full HD scherm,128 GB opslagcapaciteit,799.0,Huawei Mate 10 PRO Blauw,0,0
LG,Android 7.1 Nougat,6 inch Quad HD scherm,64 GB opslagcapaciteit,899.0,LG V30 Zilver,0,0
HTC,Android 8.0 Oreo,"5,2  inch Full HD scherm",32 GB opslagcapaciteit,349.0,HTC U11 Life Zwart,0,0
HTC,Android 8.0 Oreo,"5,2  inch Full HD scherm",32 GB opslagcapaciteit,349.0,HTC U11 Life Blauw,0,0
Huawei,Android 7.1 Nougat,"5,9 inch Full HD scherm",64 GB opslagcapaciteit,349.0,Huawei Mate 10 Lite Blauw,5,1
HTC,Android 8.0 Oreo,6 inch Quad HD scherm,128 GB opslagcapaciteit,799.0,HTC U11 Plus Dual Sim Zwart,0,0
HTC,Android 8.0 Oreo,6 inch Quad HD scherm,128 GB opslagcapaciteit,799.0,HTC U11 Plus Dual Sim Doorzichtig Zwart,0,0
LG,Android 7.1 Nougat,6 inch Quad HD scherm,64 GB opslagcapaciteit,899.0,LG V30 Blauw,0,0
Apple,iOS 9.3,4 inch Retina scherm,128 GB opslagcapaciteit,459.0,Apple iPhone SE 128GB Space Gray,4.5,2030
Apple,iOS 11,"5,8 inch Retina HD scherm",256 GB opslagcapaciteit,1329.0,Apple iPhone X 256GB Space Grey,5,8
Apple,iOS 11,"5,8 inch Retina HD scherm",64 GB opslagcapaciteit,1159.0,Apple iPhone X 64GB Space grey,5,8
Apple,iOS 11,"5,8 inch Retina HD scherm",256 GB opslagcapaciteit,1329.0,Apple iPhone X 256GB Zilver,5,8
Nokia,Android 7.1 Nougat,"5,5 inch Full HD scherm",32 GB opslagcapaciteit,249.0,Nokia 6 Zwart,4.5,28
Apple,iOS 11,"5,8 inch Retina HD scherm",64 GB opslagcapaciteit,1159.0,Apple iPhone X 64GB Zilver,5,8
Sony,Android 8.0 Oreo,"4,6 inch HD scherm",32 GB opslagcapaciteit,599.0,Sony Xperia XZ1 Compact Zwart,4.5,24
Nokia,"2,4 inch scherm",16 MB opslagcapaciteit,FM radio,39.99,Nokia 150 Wit,4.5,20
Emporia,Extra grote toetsen,Geschikt voor hoortoeste,Noodknop,49.0,Emporia Euphoria senioren telefoon,4.5,33
Huawei,Android 6.0 Marshmallow,5 inch HD scherm,16 GB opslagcapaciteit,137.0,Huawei Y6 Roze (2017),4.5,25
Apple,iOS 11,"5,5 inch Retina HD scherm",256 GB opslagcapaciteit,1089.0,Apple iPhone 8 Plus 256GB Goud,4.5,91
Nokia,Android 7.1 Nougat,"5,5 inch Full HD scherm",32 GB opslagcapaciteit,249.0,Nokia 6 Zilver,4.5,28
Apple,iOS 10,"5,5 inch Retina HD scherm",128 GB opslagcapaciteit,859.0,Apple iPhone 7 Plus 128 GB Jet Black,4.5,45
Apple,iOS 10,"4,7 inch Retina HD scherm",256 GB opslagcapaciteit,849.0,Apple iPhone 7 256GB Zwart,4.5,1049
Wiko,Android 7.0 Nougat,"5,2 inch HD scherm",32 GB opslagcapaciteit,149.99,Wiko U Pulse Lite Goud,5,1
Apple,iOS 9,"5,5 inch Retina HD scherm",32 GB opslagcapaciteit,639.0,Apple iPhone 6s Plus 32GB Space Gray,4.5,293
Wileyfox,Android 7.0 Nougat,5 inch HD-scherm,16 GB opslagcapaciteit,115.0,Wileyfox Spark+ Zwart,4,160
Huawei,Android 7.0 Nougat,"5,5 inch Quad HD scherm",128 GB opslagcapaciteit,699.0,Huawei P10 Plus Blauw,4.5,16
HTC,Android 6.0 Marshmallow,5 inch HD-scherm,16 GB opslagcapaciteit,169.0,HTC Desire 650 Zwart/Blauw,4.5,26
Doro,Extra grote toetsen,Geschikt voor hoortoeste,Noodknop,239.0,Doro 8040 Wit,0,0
Apple,iOS 10,"4,7 inch Retina HD scherm",128 GB opslagcapaciteit,739.0,Apple iPhone 7 128GB Goud,4.5,1049
Sony,Android 5.0 Lollipop,5 inch HD-scherm,16 GB opslagcapaciteit,177.0,Sony Xperia M4 Aqua Dual Sim Wit,4,22
LG,Android 6.0 Marshmallow,"5,3 inch Quad HD-scherm",32 GB opslagcapaciteit,376.0,LG G5 Zilver,4.5,15
Motorola,Android 6.0 Marshmallow,"5,5 inch Full HD scherm",16 GB opslagcapaciteit,168.0,Motorola Moto G4 Plus Wit,4.5,405
LG,Android 6.0 Marshmallow,"5,3 inch Quad HD-scherm",32 GB opslagcapaciteit,372.0,LG G5 Zwart,4.5,80
Apple,iOS 10,"4,7 inch Retina HD scherm",128 GB opslagcapaciteit,749.0,Apple iPhone 7 128GB Jet Black,4.5,1049
Apple,iOS 10,"4,7 inch Retina HD scherm",128 GB opslagcapaciteit,749.0,Apple iPhone 7 128GB Zilver,4.5,1049
Motorola,Android 6.0 Marshmallow,"5,5 inch Full HD scherm",16 GB opslagcapaciteit,219.0,Motorola Moto G4 Plus Zwart,4.5,405
Sony,Android 5.0 Lollipop,5 inch Full HD-scherm,16 GB opslagcapaciteit,201.0,Sony Xperia M5 Zwart,4.5,57
Huawei,Android 6.0 Marshmallow,6 inch Full HD-scherm,32 GB opslagcapaciteit,484.0,Huawei Mate 8 Grijs,4.5,121
Asus,Android 7.0 Nougat,"5,5 inch Full HD scherm",64 GB opslagcapaciteit,399.0,Asus Zenfone 4 Selfie PRO Rood,4.5,1
Wiko,Android 7.1 Nougat,"5,0 inch Full HD scherm",32 GB opslagcapaciteit,199.99,Wiko Wim Lite Rood,5,1
Wiko,Android 7.1 Nougat,"5,0 inch Full HD scherm",32 GB opslagcapaciteit,199.99,Wiko Wim Lite Blauw,5,1
Emporia,Extra grote toetsen,Geschikt voor hoortoeste,Noodknop,84.99,Emporia Glam senioren telefoon zwart,4.5,33
BlackBerry,Android 6.0 Marshmallow,"5,2 inch Full HD-scherm",16 GB opslagcapaciteit,259.0,BlackBerry DTEK50,4.5,32
Nokia,Series 30+,"2,4 inch kleurenscherm",16 MB opslagcapaciteit,69.0,Nokia 3310 (2017) Blauw,4.5,97
Alcatel,Android 6.0 Marshmallow,5 inch qHD scherm,8 GB opslagcapaciteit,99.0,Alcatel U5 Zwart,5,2
Apple,iOS 10,"5,5 inch Retina HD scherm",128 GB opslagcapaciteit,889.0,Apple iPhone 7 Plus 128 GB Goud,4.5,397
Wiko,Android 7.1 Nougat,"5,0 inch Full HD scherm",32 GB opslagcapaciteit,199.99,Wiko Wim Lite Goud,5,1
Apple,iOS 10,"5,5 inch Retina HD scherm",128 GB opslagcapaciteit,889.0,Apple iPhone 7 Plus 128 GB Rose Gold,4.5,397
Apple,iOS 10,"4,7 inch Retina HD scherm",256 GB opslagcapaciteit,849.0,Apple iPhone 7 256GB Zilver,4.5,1049
Apple,iOS 10,"4,7 inch Retina HD-scherm",128 GB opslagcapaciteit,749.0,Apple iPhone 7 128GB Rose Gold,4.5,1049
Apple,iOS 10,"4,7 inch Retina HD scherm",128 GB opslagcapaciteit,749.0,Apple iPhone 7 128GB Zwart,4.5,1049
Samsung,Android 5.1 Lollipop,"5,2 inch Full HD scherm",16 GB opslagcapaciteit,299.0,Samsung Galaxy A5 Zwart (2016),4.5,461
Samsung,Android 6.0 Marshmallow,"5,5 inch HD-scherm",16 GB opslagcapaciteit,259.0,Samsung Galaxy J7 (2016) Wit,4.5,165
Sony,Android 5.0 Lollipop,5 inch HD-scherm,8 GB opslagcapaciteit,151.0,Sony Xperia M4 Aqua Zwart,4,73
HTC,Android 6.0 Marshmallow,5 inch Full HD-scherm,16 GB opslagcapaciteit,259.0,HTC One A9 Zilver,4.5,22
Sony,"5,2 inch Full HD-scherm",Android 4.4 KitKat,"2,5 GHz quad core-processor",361.0,Sony Xperia Z3 Zwart,4.5,66
Apple,iOS 7 besturingssysteem,Apple A6-processor,8 GB opslagcapaciteit,369.0,Apple iPhone 5C 8GB Geel,4.5,64
LG,Android 5.1 Lollipop,"5,5 inch Quad HD-scherm",32 GB opslagcapaciteit,359.0,LG G4 Bruin (Leather Edition),4.5,55
Sony,Android 5.0 Lollipop,5 inch HD-scherm,16 GB opslagcapaciteit,213.0,Sony Xperia M4 Aqua Dual Sim Zwart,4,22
Samsung,Android 4.4 KitKat,"5,6 inch quad HD-scherm",32 GB opslagcapaciteit,739.0,Samsung Galaxy Note Edge Zwart,4.5,31
ZTE,Android 5.0 Lollipop,5 inch HD-scherm,"1,3 GHz quad core-processor",196.0,ZTE Blade V6 Grijs,5,4
Motorola,Android 5.0,"4,5 inch-scherm","1,2 GHz quad core-processor",98.0,Motorola Moto E 4G (2015) Zwart,4,175
Sony,Android 5.0 Lollipop,5 inch HD-scherm,8 GB opslagcapaciteit,150.0,Sony Xperia M4 Aqua Wit,4,16
Apple,iOS 7,Apple A7 processor,32 GB opslagcapaciteit,362.0,Apple iPhone 5S 32GB Zilver,4.5,171
Sony,Android 5.0 Lollipop,"5,5 inch Full HD-scherm","1,7 GHz octa core-processor",225.0,Sony Xperia C4 Zwart,4.5,19
LG,Android 5.1 Lollipop,"5,7 inch Quad HD-scherm",32 GB opslagcapaciteit,358.0,LG V10 Zwart,4.5,61
Sony,Android 5.1 Lollipop,"5,5 inch 4K-scherm",32 GB opslagcapaciteit,328.0,Sony Xperia Z5 Premium Grijs,4.5,51
Honor,Android 5.0 Lollipop,"5,2 inch Full HD-scherm",16 GB opslagcapaciteit,349.0,Honor 7 Wit,4.5,108
Sony,Android 5.0 Lollipop,"5,2 inch Full HD-scherm","2,0 GHz octa core-processor",314.0,Sony Xperia Z3 Plus Wit,4.5,26
Samsung,Android 4.4 KitKat,"4,8 inch HD-scherm",16 GB opslagcapaciteit,189.0,Samsung Galaxy S3 Neo Wit,4.5,251
Asus,Android 7.0 Nougat,"5,7 inch Quad HD scherm",128 GB opslagcapaciteit,899.0,Asus Zenfone AR Zwart,0,0
CrossCall,"2,4 inch scherm",Robuuste behuizing,Stof- en waterdicht,99.99,CrossCall Shark X3 Zwart,0,0
Wiko,Android 6.0 Marshmallow,"5,2 inch Full HD-scherm",32 GB opslagcapaciteit,213.0,Wiko Fever 4G SE,4.5,39
Wiko,Android 5.1 Lollipop,5 inch HD-scherm,16 GB opslagcapaciteit,123.0,Wiko Pulp 4G Zwart Dual Sim,4.5,73
Wiko,Android 6.0 Marshmallow,5 inch HD-scherm,16 GB opslagcapaciteit,99.0,Wiko Lenny 3 Dual SIM,4,141
Samsung,Android 6.0 Marsmallow,5.2 inch HD scherm,16 GB opslagcapaciteit,199.0,Samsung Galaxy J5 (2016) Wit,4.5,1189
Wileyfox,Cyanogen 13.0 (gebaseerd op Android 6.0 Marshmallow),5 inch HD-scherm,16 GB opslagcapaciteit,111.0,Wileyfox Swift Zwart,4.5,274
Apple,iOS 9.3,4 inch Retina scherm,16 GB opslagcapaciteit,339.0,Apple iPhone SE 16 GB Space Gray,4.5,2030
LG,Android 5.0 Lollipop,"5,5 inch quad HD-scherm","2,5 GHz quad core-processor",219.0,LG G3 16 GB Goud,4.5,195
HTC,Android 5.0 Lollipop,5 inch Full HD-scherm,2 GHz octa core-processor,449.0,HTC One M9 Grijs,4.5,94
Refurbished,Geen tot zeer lichte gebruikssporen,Inclusief originele Apple accessoires,2 jaar garantie,329.0,Refurbished Apple iPhone 5S 32GB Zwart (2 jaar garantie),4,25
Sony,Android 6.0 Marshmallow,"4,6 inch HD scherm",32 GB opslagcapaciteit,389.0,Sony Xperia X Compact Wit,4.5,108
LG,Android 6.0 Marshmallow,"5,2 inch Full HD scherm",32 GB opslagcapaciteit,303.0,LG Nexus 5X 32 GB Blauw,4.5,968
Sony,Android 6.0 Marshmallow,"4,6 inch HD scherm",32 GB opslagcapaciteit,305.0,Sony Xperia X Compact Zwart,4.5,108
Sony,Android 5.0 Lollipop,5 inch Full HD-scherm,16 GB opslagcapaciteit,221.0,Sony Xperia M5 Wit,4.5,57
Sony,Android 5.0 Lollipop,5 inch Full HD-scherm,16 GB opslagcapaciteit,183.0,Sony Xperia M5 Goud,4.5,57
Lenovo,Android 6.0 Marshmallow,"5,5 inch Quad HD-scherm",32 GB opslagcapaciteit,389.0,Lenovo Moto Z Zwart,4.5,16
Wiko,Android 6.0 Marshmallow,5 inch HD scherm,8 GB opslagcapaciteit,99.99,Wiko Jerry Zwart/Grijs,4,39
HTC,Android 5.1 Lollipop,5 inch HD-scherm,16 GB opslagcapaciteit,131.0,HTC Desire 626 Grijs,4.5,27
Motorola,Android 5.1 Lollipop,5 inch HD-scherm,16 GB opslagcapaciteit,127.0,Motorola Moto G 4G (Gen 3) 16 GB Zwart,4.5,1339
Alcatel,Android 6.0 Marshmallow,5 inch HD scherm,8 GB opslagcapaciteit,107.0,Alcatel POP 4 Zilver met Lebara simkaart,5,2
Nokia,"2,8 inch scherm",MP3-speler,Radio,67.0,Nokia 230 Zwart,4.5,27
General,Android 7.0 Nougat,5 inch HD-scherm,16 GB opslagcapaciteit,135.0,General Mobile Android One 4G Zwart,4.5,83
Samsung,Android 6.0 Marsmallow,5.2 inch HD scherm,16 GB opslagcapaciteit,199.0,Samsung Galaxy J5 (2016) Dual Sim Wit,4.5,1189
Lenovo,Android 6.0 Marshmallow,5 inch HD-scherm,16 GB opslagcapaciteit,149.0,Lenovo C2 Power Zwart,4.5,33
Lenovo,Android 6.0 Marshmallow,5 inch HD-scherm,16 GB opslagcapaciteit,149.0,Lenovo C2 Power Zwart,4.5,33
Motorola,Android 6.0 Marshmallow,5 inch HD scherm,16 GB opslagcapaciteit,139.0,Motorola Moto G4 Play Zwart,4.5,250
Forza,iOS 9,"4,7 inch Retina HD-scherm",64 GB opslagcapaciteit,449.0,Forza iPhone 6 64 GB Space Gray (Refurbished),5,6
Apple,iOS 10,"5,5 inch Retina HD scherm",128 GB opslagcapaciteit,889.0,Apple iPhone 7 Plus 128 GB Zilver,4.5,397
Nokia,"1,8 inch-scherm",4 GB opslagcapaciteit,FM-radio,34.99,Nokia 130 Zwart,4,73
Wiko,Android 6.0 Marshmallow,5 inch HD-scherm,16 GB opslagcapaciteit,99.99,Wiko Lenny 3 Dual SIM Goud,4.5,89
Sony,Android 7.0 Nougat,5 inch HD scherm,32 GB opslagcapaciteit,279.0,Sony Xperia XA1 Roze,4.5,91
Nokia,"2,4 inch scherm",16 MB opslagcapaciteit,FM radio,39.99,Nokia 150 Zwart,4.5,20
Asus,Android 6.0 Marshmallow,"5,5 inch Full HD scherm",32 GB opslagcapaciteit,249.0,Asus Zenfone 3 Max 5.5 inch Grijs,4.5,42
Huawei,Android 5.1 Lollipop,"4,5 inch SD-scherm",8 GB opslagcapaciteit,104.99,Huawei Y3 II Dual Sim Goud,4,44
Wiko,Android 6.0 Marshmallow,5 inch Full HD scherm,32 GB opslagcapaciteit,181.0,Wiko Ufeel Prime Zwart,4.5,59
Wiko,Android 6.0 Marshmallow,5 inch HD scherm,16 GB opslagcapaciteit,149.0,Wiko Ufeel Lite Goud,4.5,9
Samsung,Android 5.0 Lollipop,"5,1 inch Quad HD-scherm",32 GB opslagcapaciteit,449.0,Samsung Galaxy S6 edge 32 GB Wit,4.5,20
Sony,Android 6.0 Marshmallow,5 inch Full HD-scherm,32 GB opslagcapaciteit,325.0,Sony Xperia X Zwart,4.5,13
Alcatel,Android 6.0 Marshmallow,5 inch HD scherm,16 GB opslagcapaciteit,179.0,Alcatel Shine Lite Goud,4,8
LG,Android 6.0 Marshmallow,"5,3 inch Quad HD-scherm",32 GB opslagcapaciteit,449.0,LG G5 SE Zilver,4.5,29
Motorola,Android 5.1 Lollipop,"5,7 inch Quad HD scherm",32 GB opslagcapaciteit,230.0,Motorola Moto X Style Zwart,4.5,221
Motorola,Android 5.1 Lollipop,"5,7 inch Quad HD-scherm",32 GB opslagcapaciteit,253.0,Motorola Moto X Style Wit,4.5,221
BlackBerry,Android 5.1 Lollipop,"5,4 inch Quad HD-scherm","1,8 GHz hexa core-processor",409.0,BlackBerry Priv Qwerty,4.5,21
Alcatel,Android 5.1 Lollipop,6 inch HD-scherm,8 GB opslagcapaciteit,119.99,Alcatel Pixi 4 Zwart,3.5,22
Sony,Android 5.1 Lollipop,"4,6 inch HD-scherm",32 GB opslagcapaciteit,266.0,Sony Xperia Z5 Compact Wit,4.5,19
Huawei,Android 5.1 Lollipop,5 inch HD-scherm,8 GB opslagcapaciteit,119.0,Huawei Y5 II Dual Sim Zwart,4.5,79
Sony,Android 5.1 Lollipop,"5,2 inch Full HD-scherm",32 GB opslagcapaciteit,422.0,Sony Xperia Z5 Zwart,4.5,68
Sony,Android 5.1 Lollipop,"5,2 inch Full HD-scherm",32 GB opslagcapaciteit,295.0,Sony Xperia Z5 Wit,4.5,68
HTC,Android 6.0 Marshmallow,"5,2 inch Quad HD-scherm",32 GB opslagcapaciteit,427.0,HTC 10 Goud,4.5,133
HTC,Android 6.0 Marshmallow,"5,2 inch Quad HD-scherm",32 GB opslagcapaciteit,401.0,HTC 10 Grijs,4.5,133
HTC,Android 6.0 Marshmallow,"5,2 inch Quad HD-scherm",32 GB opslagcapaciteit,455.0,HTC 10 Zilver,4.5,133
Nokia,Android 7.1 Nougat,"5,3 inch Quad HD scherm",64 GB opslagcapaciteit,599.99,Nokia 8 Koper,4.5,28
Nokia,Series 30+,"2,4 inch kleurenscherm",16 MB opslagcapaciteit,69.0,Nokia 3310 (2017) Geel,4.5,97
Nokia,Series 30+,"2,4 inch kleurenscherm",16 MB opslagcapaciteit,69.0,Nokia 3310 (2017) Grijs,4.5,97
Profoon,Extra grote toetsen,Grote letters en cijferweergave,Noodknop,59.99,Profoon PM-660 Zwart,0,0
Profoon,Extra grote toetsen,Grote letters en cijferweergave,Noodknop,59.99,Profoon PM-660 Rood,0,0
Huawei,Android 7.0 Nougat,"5,5 inch Quad HD scherm",128 GB opslagcapaciteit,699.0,Huawei P10 Plus Groen,4.5,16
Apple,iOS 10,"5,5 inch Retina HD scherm",128 GB opslagcapaciteit,889.0,Apple iPhone 7 Plus 128 GB Rose Gold,4.5,397
Apple,iOS 10,"4,7 inch Retina HD scherm",256 GB opslagcapaciteit,849.0,Apple iPhone 7 256GB Zilver,4.5,1049
Apple,iOS 10,"4,7 inch Retina HD-scherm",128 GB opslagcapaciteit,749.0,Apple iPhone 7 128GB Rose Gold,4.5,1049
Apple,iOS 10,"4,7 inch Retina HD scherm",128 GB opslagcapaciteit,749.0,Apple iPhone 7 128GB Zwart,4.5,1049
Acer,Android 6.0 Marshmallow,"5,5 inch Full HD-scherm",32 GB opslagcapaciteit,199.0,Acer Liquid Z6 Plus Zwart,4.5,69
Wiko,Android 7.0 Nougat,"5,5 inch HD scherm",32 GB opslagcapaciteit,179.99,Wiko U Pulse Goud,4.5,1
Emporia,Extra grote toetsen,Geschikt voor hoortoeste,Noodknop,69.0,Emporia Click Plus,4,19
Apple,iOS 9,"4,7 inch Retina HD scherm",128 GB opslagcapaciteit,639.0,Apple iPhone 6s 128GB Zilver,4.5,1228
Apple,iOS 9,"4,7 inch Retina HD scherm",64 GB opslagcapaciteit,521.0,Apple iPhone 6s 64 GB Rose Gold,4.5,1228
Wiko,Android 7.1 Nougat,"5,5 inch Full HD scherm",64 GB opslagcapaciteit,399.99,Wiko Wim Goud,5,1
Wiko,Android 7.1 Nougat,"5,0 inch Full HD scherm",32 GB opslagcapaciteit,199.99,Wiko Wim Lite Zwart,5,1
CAT,Android 5.1 Lollipop,"4,7 inch scherm",16 GB opslagcapaciteit,339.0,CAT S40,4,71
LG,Android 7.1 Nougat,"5,5 inch Full HD scherm",32 GB opslagcapaciteit,299.0,LG Q6 Blauw,4.5,3
Wiko,Android 7.1 Nougat,"5,7 inch HD scherm",32 GB opslagcapaciteit,199.99,Wiko View Zwart,4.5,1
Apple,iOS 10,"4,7 inch Retina HD scherm",256 GB opslagcapaciteit,849.0,Apple iPhone 7 256GB Jet Black,4.5,1049
Huawei,Android 6.0 Marshmallow,"5,2 inch Full HD scherm",16 GB opslagcapaciteit,245.0,Huawei P9 Lite Zwart,4.5,181
Huawei,Android 6.0 Marshmallow,"5,2 inch Full HD scherm",16 GB opslagcapaciteit,229.0,Huawei P9 Lite Goud,4.5,279
Lenovo,Android 6.0 Marshmallow,"5,5 inch Quad HD-scherm",32 GB opslagcapaciteit,323.0,Lenovo Moto Z Goud,4.5,16
Blackberry,Android 6.0 Marshmallow,"5,5 inch Quad HD-scherm",32 GB opslagcapaciteit,317.0,Blackberry DTEK60,4.5,46
Huawei,Android 7.0 Nougat,"5,9 inch Full HD-scherm",64 GB opslagcapaciteit,599.0,Huawei Mate 9 Grijs,5,73
HP,Windows 10,"5,96 inch Quad HD scherm",64 GB opslagcapaciteit,599.0,HP Elite x3 Zwart,3.5,3
General,Android 7.0 Nougat,5 inch HD scherm,32 GB opslagcapaciteit,199.0,General Mobile GM6 Wit,4.5,11
HP,Windows 10,"5,96 inch Quad HD scherm",64 GB opslagcapaciteit,849.0,HP Elite x3 + Docking Station Zwart,4.5,5
